learning_rate,reg_param,batch_norm,depth,num_hidden_layers,activation,train_error,test_error,train_size
0.01,0.0001,True,4,6,Sigmoid,12.409540176391602,12.490423202514648,64
0.01,0.0001,True,4,6,Sigmoid,12.695633888244629,12.613771438598633,1024
0.01,0.0001,True,4,6,Sigmoid,13.608879089355469,13.490690231323242,512
0.01,0.0001,True,4,6,Sigmoid,13.59973430633545,13.52263069152832,128
0.01,0.0001,True,4,6,Sigmoid,14.26240062713623,13.935410499572754,256
0.01,0.0001,True,4,6,Sigmoid,14.084233283996582,14.316915512084961,32
0.01,0.0001,True,4,6,Sigmoid,15.237569808959961,15.822877883911133,16
