learning_rate,reg_param,batch_norm,depth,num_hidden_layers,activation,train_error,test_error,train_size
0.01,0.0001,True,4,6,Sigmoid,12.040993690490723,12.062307357788086,1024
0.01,0.0001,True,4,6,Sigmoid,12.106637001037598,12.135021209716797,512
0.01,0.0001,True,4,6,Sigmoid,12.98200798034668,13.01301097869873,128
0.01,0.0001,True,4,6,Sigmoid,13.545141220092773,13.558231353759766,64
0.01,0.0001,True,4,6,Sigmoid,14.749691009521484,14.77370834350586,256
0.01,0.0001,True,4,6,Sigmoid,15.153203964233398,15.077868461608887,32
0.01,0.0001,True,4,6,Sigmoid,15.076786041259766,15.10525131225586,16
