learning_rate,reg_param,batch_norm,depth,num_hidden_layers,activation,train_error,test_error,train_size
0.01,0.0001,True,4,6,Sigmoid,0.07882145047187805,0.0777539610862732,4096
0.01,0.0001,True,4,6,Sigmoid,0.08528182655572891,0.08674478530883789,2048
0.01,0.0001,True,4,6,Sigmoid,0.11088882386684418,0.11177773773670197,512
0.01,0.0001,True,4,6,Sigmoid,0.11785466969013214,0.11724258959293365,8192
0.01,0.0001,True,4,6,Sigmoid,0.20038360357284546,0.2062864452600479,1024
0.01,0.0001,True,4,6,Sigmoid,0.15524327754974365,0.25126564502716064,128
0.01,0.0001,True,4,6,Sigmoid,0.4239969551563263,0.5116901397705078,256
