learning_rate,reg_param,batch_norm,depth,num_hidden_layers,activation,train_error,test_error,train_size
0.01,0.0001,True,4,6,Sigmoid,0.07476137578487396,0.07559162378311157,2048
0.01,0.0001,True,4,6,Sigmoid,0.10106588900089264,0.11927071213722229,128
0.01,0.0001,True,4,6,Sigmoid,0.10793839395046234,0.12425269931554794,256
0.01,0.0001,True,4,6,Sigmoid,0.17109337449073792,0.16193942725658417,512
0.01,0.0001,True,4,6,Sigmoid,0.17853936553001404,0.17735570669174194,4096
0.01,0.0001,True,4,6,Sigmoid,0.21313413977622986,0.20113752782344818,1024
0.01,0.0001,True,4,6,Sigmoid,0.5453497171401978,0.5412409901618958,8192
